Wins,Loses
FC Köln,BFC Preussen
FC Köln,SV Darmstadt 98
FC Köln,SC Freiburg
FC Köln,FC Schalke 04
FC Köln,FC Ingolstadt 04
Hertha BSC,FC Köln
FC Köln,Hamburger SV
Eintracht Frankfurt,FC Köln
FC Köln,Bor. Mönchengladbach
TSG 1899 Hoffenheim,FC Köln
FC Köln,VfL Wolfsburg
Hamburger SV,FC Köln
SC Freiburg,FC Köln
Red Bull Leipzig,FC Köln
FC Bayern München,FC Köln
FC Köln,Hertha BSC
FC Köln,Eintracht Frankfurt
Bor. Mönchengladbach,FC Köln
FC Augsburg,FC Köln
FC Köln,Werder Bremen
TSG 1899 Hoffenheim,Germania Egestorf
TSG 1899 Hoffenheim,FC Schalke 04
TSG 1899 Hoffenheim,FC Ingolstadt 04
TSG 1899 Hoffenheim,SC Freiburg
TSG 1899 Hoffenheim,Bayer Leverkusen
TSG 1899 Hoffenheim,Hertha BSC
TSG 1899 Hoffenheim,FC Augsburg
Red Bull Leipzig,TSG 1899 Hoffenheim
TSG 1899 Hoffenheim,FSV Mainz 05
VfL Wolfsburg,TSG 1899 Hoffenheim
TSG 1899 Hoffenheim,SV Darmstadt 98
TSG 1899 Hoffenheim,FC Bayern München
Hamburger SV,TSG 1899 Hoffenheim
TSG 1899 Hoffenheim,Bor. Mönchengladbach
TSG 1899 Hoffenheim,Eintracht Frankfurt
Borussia Dortmund,TSG 1899 Hoffenheim
TSG 1899 Hoffenheim,Werder Bremen
Bayer Leverkusen,SC Hauenstein
Bor. Mönchengladbach,Bayer Leverkusen
Bayer Leverkusen,Hamburger SV
Eintracht Frankfurt,Bayer Leverkusen
Bayer Leverkusen,FSV Mainz 05
Bayer Leverkusen,Borussia Dortmund
Werder Bremen,Bayer Leverkusen
Bayer Leverkusen,VfL Wolfsburg
Bayer Leverkusen,Tottenham Hotspur FC
Bayer Leverkusen,SV Darmstadt 98
Red Bull Leipzig,Bayer Leverkusen
FC Bayern München,Bayer Leverkusen
Bayer Leverkusen,AS Monaco FC
Bayer Leverkusen,FC Schalke 04
FC Ingolstadt 04,Bayer Leverkusen
Bayer Leverkusen,Hertha BSC
Hamburger SV,Bayer Leverkusen
Bayer Leverkusen,Eintracht Frankfurt
Bayer Leverkusen,FC Augsburg
Club Atlético de Madrid,Bayer Leverkusen
FSV Mainz 05,Bayer Leverkusen
Borussia Dortmund,Bayer Leverkusen
SC Freiburg,Bayer Leverkusen
FC Schalke 04,Bayer Leverkusen
Borussia Dortmund,Eintracht Trier
Borussia Dortmund,FSV Mainz 05
Red Bull Leipzig,Borussia Dortmund
Borussia Dortmund,Legia Warszawa
Borussia Dortmund,SV Darmstadt 98
Borussia Dortmund,VfL Wolfsburg
Borussia Dortmund,SC Freiburg
Borussia Dortmund,Sporting CP
Borussia Dortmund,Hamburger SV
Borussia Dortmund,FC Bayern München
Eintracht Frankfurt,Borussia Dortmund
Borussia Dortmund,Bor. Mönchengladbach
Borussia Dortmund,Werder Bremen
Borussia Dortmund,Red Bull Leipzig
SV Darmstadt 98,Borussia Dortmund
SL Benfica,Borussia Dortmund
Borussia Dortmund,SL Benfica
Hertha BSC,Borussia Dortmund
Borussia Dortmund,Sportfreunde Lotte
Borussia Dortmund,FC Ingolstadt 04
FC Bayern München,Borussia Dortmund
AS Monaco FC,Borussia Dortmund
Borussia Dortmund,Eintracht Frankfurt
FC Bayern München,FC Carl Zeiss Jena
FC Bayern München,Werder Bremen
FC Bayern München,FC Schalke 04
FC Bayern München,FC Rostov
FC Bayern München,FC Ingolstadt 04
FC Bayern München,Hertha BSC
FC Bayern München,Hamburger SV
Club Atlético de Madrid,FC Bayern München
FC Bayern München,PSV Eindhoven
FC Bayern München,Bor. Mönchengladbach
FC Bayern München,FC Augsburg
FC Rostov,FC Bayern München
FC Bayern München,FSV Mainz 05
FC Bayern München,Club Atlético de Madrid
FC Bayern München,VfL Wolfsburg
FC Bayern München,SV Darmstadt 98
FC Bayern München,Red Bull Leipzig
FC Bayern München,SC Freiburg
FC Bayern München,Arsenal FC
FC Bayern München,Eintracht Frankfurt
Real Madrid CF,FC Bayern München
FC Schalke 04,FC 08 Villingen
Eintracht Frankfurt,FC Schalke 04
Hertha BSC,FC Schalke 04
FC Schalke 04,Bor. Mönchengladbach
FC Schalke 04,FSV Mainz 05
FC Schalke 04,FC Nürnberg
FC Schalke 04,Werder Bremen
FC Schalke 04,VfL Wolfsburg
FC Schalke 04,SV Darmstadt 98
Red Bull Leipzig,FC Schalke 04
Hamburger SV,FC Schalke 04
FC Schalke 04,FC Ingolstadt 04
FC Schalke 04,SV Sandhausen
FC Schalke 04,Hertha BSC
Bor. Mönchengladbach,FC Schalke 04
FC Schalke 04,FC Augsburg
Werder Bremen,FC Schalke 04
SV Darmstadt 98,FC Schalke 04
SC Freiburg,FC Schalke 04
Hamburger SV,FSV Zwickau
Red Bull Leipzig,Hamburger SV
SC Freiburg,Hamburger SV
Hertha BSC,Hamburger SV
Eintracht Frankfurt,Hamburger SV
Hamburger SV,Hallescher FC
Hamburger SV,SV Darmstadt 98
Hamburger SV,FC Augsburg
FSV Mainz 05,Hamburger SV
VfL Wolfsburg,Hamburger SV
FC Ingolstadt 04,Hamburger SV
Hamburger SV,Red Bull Leipzig
Bor. Mönchengladbach,Hamburger SV
Hamburger SV,Hertha BSC
Hamburger SV,Bor. Mönchengladbach
Werder Bremen,Hamburger SV
SV Darmstadt 98,Hamburger SV
FC Augsburg,Hamburger SV
Hannover 96,FC Kaiserslautern
Hannover 96,SpVgg Greuther Fürth
Hannover 96,Kickers Offenbach
Dynamo Dresden,Hannover 96
Hannover 96,Karlsruher SC
Hannover 96,TSV 1860 München
Hannover 96,FC St. Pauli
FC Union Berlin,Hannover 96
FC Nürnberg,Hannover 96
Hannover 96,Fortuna Düsseldorf
Hannover 96,Würzburger Kickers
Hannover 96,Erzgebirge Aue
Hannover 96,FC Heidenheim 1846
Hannover 96,VfB Stuttgart
SpVgg Greuther Fürth,Hannover 96
Eintracht Frankfurt,Hannover 96
Hannover 96,VfL Bochum
Hannover 96,Dynamo Dresden
Karlsruher SC,Hannover 96
Hannover 96,FC Union Berlin
Hannover 96,FC Nürnberg
Hannover 96,Eintracht Braunschweig
Hertha BSC,SC Freiburg
Hertha BSC,FC Ingolstadt 04
Hertha BSC,FC St. Pauli
Hertha BSC,Bor. Mönchengladbach
Hertha BSC,FSV Mainz 05
Hertha BSC,VfL Wolfsburg
Werder Bremen,Hertha BSC
Red Bull Leipzig,Hertha BSC
Hertha BSC,SV Darmstadt 98
SC Freiburg,Hertha BSC
Hertha BSC,Eintracht Frankfurt
Bor. Mönchengladbach,Hertha BSC
Hertha BSC,FC Augsburg
FSV Mainz 05,Hertha BSC
VfB Stuttgart,FC St. Pauli
Fortuna Düsseldorf,VfB Stuttgart
VfB Stuttgart,Homburg
VfB Stuttgart,SV Sandhausen
FC Heidenheim 1846,VfB Stuttgart
VfB Stuttgart,FC Kaiserslautern
VfB Stuttgart,Eintracht Braunschweig
VfB Stuttgart,SpVgg Greuther Fürth
Dynamo Dresden,VfB Stuttgart
VfB Stuttgart,TSV 1860 München
Bor. Mönchengladbach,VfB Stuttgart
VfB Stuttgart,Karlsruher SC
VfB Stuttgart,Arminia Bielefeld
VfB Stuttgart,FC Nürnberg
VfB Stuttgart,Erzgebirge Aue
Würzburger Kickers,VfB Stuttgart
VfB Stuttgart,Fortuna Düsseldorf
VfB Stuttgart,FC Heidenheim 1846
SpVgg Greuther Fürth,VfB Stuttgart
VfB Stuttgart,FC Union Berlin
VfL Wolfsburg,FSV Frankfurt
VfL Wolfsburg,FC Augsburg
Werder Bremen,VfL Wolfsburg
Red Bull Leipzig,VfL Wolfsburg
SV Darmstadt 98,VfL Wolfsburg
VfL Wolfsburg,FC Heidenheim 1846
VfL Wolfsburg,SC Freiburg
VfL Wolfsburg,Eintracht Frankfurt
VfL Wolfsburg,Bor. Mönchengladbach
FC Augsburg,VfL Wolfsburg
VfL Wolfsburg,Red Bull Leipzig
VfL Wolfsburg,SV Darmstadt 98
SC Freiburg,VfL Wolfsburg
VfL Wolfsburg,FC Ingolstadt 04
Sportfreunde Lotte,Werder Bremen
FC Augsburg,Werder Bremen
Bor. Mönchengladbach,Werder Bremen
FSV Mainz 05,Werder Bremen
Red Bull Leipzig,Werder Bremen
SC Freiburg,Werder Bremen
Eintracht Frankfurt,Werder Bremen
Werder Bremen,FC Ingolstadt 04
Werder Bremen,FSV Mainz 05
Werder Bremen,SV Darmstadt 98
Werder Bremen,Red Bull Leipzig
Werder Bremen,SC Freiburg
Hallescher FC,FC Kaiserslautern
SV Sandhausen,FC Kaiserslautern
FC Kaiserslautern,Dynamo Dresden
FC Heidenheim 1846,FC Kaiserslautern
Eintracht Braunschweig,FC Kaiserslautern
FC Kaiserslautern,VfL Bochum
FC Kaiserslautern,SpVgg Greuther Fürth
FC Kaiserslautern,FC Union Berlin
FC Nürnberg,FC Kaiserslautern
FC Kaiserslautern,Würzburger Kickers
FC Kaiserslautern,SV Sandhausen
Arminia Bielefeld,FC Kaiserslautern
FC Union Berlin,FC Kaiserslautern
FC Kaiserslautern,TSV 1860 München
FC Kaiserslautern,Karlsruher SC
FC St. Pauli,FC Kaiserslautern
Erzgebirge Aue,FC Kaiserslautern
Eintracht Braunschweig,FC Nürnberg
TSV 1860 München,FC Nürnberg
VfL Bochum,FC Nürnberg
SpVgg Greuther Fürth,FC Nürnberg
FC Nürnberg,Arminia Bielefeld
FC Nürnberg,FC Union Berlin
FC Nürnberg,Karlsruher SC
FC Nürnberg,Erzgebirge Aue
SV Sandhausen,FC Nürnberg
FC Nürnberg,Fortuna Düsseldorf
Dynamo Dresden,FC Nürnberg
FC Nürnberg,FC Heidenheim 1846
FC Union Berlin,FC Nürnberg
FC St. Pauli,FC Nürnberg
FC Nürnberg,SV Sandhausen
Fortuna Düsseldorf,FC Nürnberg
FSV Mainz 05,FC Augsburg
FSV Mainz 05,SV Darmstadt 98
SpVgg Greuther Fürth,FSV Mainz 05
FSV Mainz 05,FC Ingolstadt 04
Red Bull Leipzig,FSV Mainz 05
FSV Mainz 05,SC Freiburg
Bor. Mönchengladbach,FSV Mainz 05
Eintracht Frankfurt,FSV Mainz 05
SV Darmstadt 98,FSV Mainz 05
FC Ingolstadt 04,FSV Mainz 05
SC Freiburg,FSV Mainz 05
FSV Mainz 05,Eintracht Frankfurt
FC Augsburg,FV Ravensburg
FC Augsburg,SV Darmstadt 98
Red Bull Leipzig,FC Augsburg
SC Freiburg,FC Augsburg
FC Augsburg,FC Ingolstadt 04
FC Augsburg,Bor. Mönchengladbach
FC Ingolstadt 04,FC Augsburg
Eintracht Frankfurt,FC Augsburg
SC Freiburg,SV Babelsberg 03
SC Freiburg,Bor. Mönchengladbach
SC Freiburg,Eintracht Frankfurt
Red Bull Leipzig,SC Freiburg
SC Freiburg,SV Darmstadt 98
SC Freiburg,FC Ingolstadt 04
Bor. Mönchengladbach,SC Freiburg
SV Darmstadt 98,SC Freiburg
Bor. Mönchengladbach,SV Drochtersen/Assel
Manchester City FC,Bor. Mönchengladbach
Bor. Mönchengladbach,FC Ingolstadt 04
FC Barcelona,Bor. Mönchengladbach
Bor. Mönchengladbach,Celtic FC
Bor. Mönchengladbach,SpVgg Greuther Fürth
Red Bull Leipzig,Bor. Mönchengladbach
SV Darmstadt 98,Eintracht Frankfurt
Eintracht Frankfurt,FC Ingolstadt 04
Red Bull Leipzig,Eintracht Frankfurt
Eintracht Frankfurt,SV Darmstadt 98
FC Ingolstadt 04,Eintracht Frankfurt
Eintracht Frankfurt,Arminia Bielefeld
Eintracht Braunschweig,FC St. Pauli
FC St. Pauli,VfB Lübeck
Dynamo Dresden,FC St. Pauli
FC St. Pauli,Arminia Bielefeld
FC Union Berlin,FC St. Pauli
Erzgebirge Aue,FC St. Pauli
SV Sandhausen,FC St. Pauli
Würzburger Kickers,FC St. Pauli
Fortuna Düsseldorf,FC St. Pauli
FC Heidenheim 1846,FC St. Pauli
FC St. Pauli,SpVgg Greuther Fürth
FC St. Pauli,Eintracht Braunschweig
FC St. Pauli,Dynamo Dresden
FC St. Pauli,Karlsruher SC
FC St. Pauli,TSV 1860 München
FC St. Pauli,Würzburger Kickers
FC St. Pauli,Fortuna Düsseldorf
FC St. Pauli,FC Heidenheim 1846
SpVgg Greuther Fürth,TSV 1860 München
SpVgg Greuther Fürth,Eintracht Norderstedt
SpVgg Greuther Fürth,Erzgebirge Aue
Würzburger Kickers,SpVgg Greuther Fürth
FC Heidenheim 1846,SpVgg Greuther Fürth
Eintracht Braunschweig,SpVgg Greuther Fürth
SpVgg Greuther Fürth,VfL Bochum
Dynamo Dresden,SpVgg Greuther Fürth
SpVgg Greuther Fürth,Arminia Bielefeld
SpVgg Greuther Fürth,Karlsruher SC
TSV 1860 München,SpVgg Greuther Fürth
SpVgg Greuther Fürth,Fortuna Düsseldorf
SpVgg Greuther Fürth,FC Heidenheim 1846
VfL Bochum,SpVgg Greuther Fürth
SpVgg Greuther Fürth,Dynamo Dresden
Karlsruher SC,SpVgg Greuther Fürth
FC Heidenheim 1846,Erzgebirge Aue
Erzgebirge Aue,SV Sandhausen
Eintracht Braunschweig,Erzgebirge Aue
Erzgebirge Aue,Dynamo Dresden
Karlsruher SC,Erzgebirge Aue
VfL Bochum,Erzgebirge Aue
FC Union Berlin,Erzgebirge Aue
TSV 1860 München,Erzgebirge Aue
Erzgebirge Aue,FC Heidenheim 1846
SV Sandhausen,Erzgebirge Aue
Dynamo Dresden,Erzgebirge Aue
Erzgebirge Aue,Karlsruher SC
Erzgebirge Aue,FC Union Berlin
Erzgebirge Aue,TSV 1860 München
Erzgebirge Aue,Würzburger Kickers
Energie Cottbus,Hallescher FC
Energie Cottbus,Werder Bremen II
Chemnitzer FC,Energie Cottbus
Fortuna Köln,Energie Cottbus
VfL Osnabrück,Energie Cottbus
VfR Aalen,Energie Cottbus
Erzgebirge Aue,Energie Cottbus
Holstein Kiel,Energie Cottbus
Energie Cottbus,Dynamo Dresden
Energie Cottbus,Rot-Weiß Erfurt
Energie Cottbus,Mainz 05 II
Stuttgarter Kickers,Energie Cottbus
FC Hansa Rostock,Energie Cottbus
Energie Cottbus,Holstein Kiel
Energie Cottbus,FC Magdeburg
Dynamo Dresden,Energie Cottbus
Preußen Münster,Energie Cottbus
SG Sonnenhof Großaspach,Energie Cottbus
Energie Cottbus,VfB Stuttgart II
Würzburger Kickers,Energie Cottbus
Mainz 05 II,Energie Cottbus
Fortuna Düsseldorf,FC Hansa Rostock
FC Heidenheim 1846,Fortuna Düsseldorf
Fortuna Düsseldorf,VfL Bochum
Eintracht Braunschweig,Fortuna Düsseldorf
Fortuna Düsseldorf,TSV 1860 München
Fortuna Düsseldorf,Arminia Bielefeld
Fortuna Düsseldorf,FC Union Berlin
Dynamo Dresden,Fortuna Düsseldorf
SV Sandhausen,Fortuna Düsseldorf
Fortuna Düsseldorf,Karlsruher SC
TSV 1860 München,Fortuna Düsseldorf
Arminia Bielefeld,Fortuna Düsseldorf
FC Union Berlin,MSV Duisburg
TSV 1860 München,Arminia Bielefeld
TSV 1860 München,Karlsruher SC
FC Union Berlin,TSV 1860 München
Würzburger Kickers,TSV 1860 München
SV Sandhausen,TSV 1860 München
Eintracht Braunschweig,TSV 1860 München
TSV 1860 München,Dynamo Dresden
VfL Bochum,TSV 1860 München
Arminia Bielefeld,TSV 1860 München
Sportfreunde Lotte,TSV 1860 München
TSV 1860 München,Würzburger Kickers
VfL Bochum,FC Union Berlin
FC Union Berlin,Karlsruher SC
FC Union Berlin,Würzburger Kickers
FC Union Berlin,SV Sandhausen
FC Union Berlin,Eintracht Braunschweig
FC Heidenheim 1846,FC Union Berlin
FC Union Berlin,VfL Bochum
FC Union Berlin,Arminia Bielefeld
Eintracht Braunschweig,FC Union Berlin
SV Sandhausen,SC Paderborn 07
FC Ingolstadt 04,SV Darmstadt 98
FC Ingolstadt 04,Red Bull Leipzig
Karlsruher SC,Würzburger Kickers
FC Heidenheim 1846,Karlsruher SC
SV Sandhausen,Karlsruher SC
Karlsruher SC,Arminia Bielefeld
Dynamo Dresden,Karlsruher SC
Eintracht Braunschweig,Würzburger Kickers
Würzburger Kickers,Eintracht Braunschweig
Eintracht Braunschweig,SV Sandhausen
Dynamo Dresden,Eintracht Braunschweig
Eintracht Braunschweig,Arminia Bielefeld
Eintracht Braunschweig,FC Heidenheim 1846
Eintracht Braunschweig,Dynamo Dresden
Eintracht Braunschweig,VfL Bochum
Arminia Bielefeld,Eintracht Braunschweig
SV Sandhausen,Dynamo Dresden
Arminia Bielefeld,Dynamo Dresden
Dynamo Dresden,Arminia Bielefeld
Dynamo Dresden,Würzburger Kickers
Dynamo Dresden,SV Sandhausen
Dynamo Dresden,FC Heidenheim 1846
VfL Bochum,Dynamo Dresden
FC Astoria Walldorf,VfL Bochum
Würzburger Kickers,VfL Bochum
VfL Bochum,FC Heidenheim 1846
Arminia Bielefeld,VfL Bochum
VfL Bochum,Würzburger Kickers
Würzburger Kickers,Arminia Bielefeld
Arminia Bielefeld,SV Sandhausen
Arminia Bielefeld,FC Heidenheim 1846
Hallescher FC,SV Wehen Wiesbaden
SV Wehen Wiesbaden,Werder Bremen II
Chemnitzer FC,SV Wehen Wiesbaden
SV Wehen Wiesbaden,Fortuna Köln
VfL Osnabrück,SV Wehen Wiesbaden
VfR Aalen,SV Wehen Wiesbaden
SV Wehen Wiesbaden,Holstein Kiel
FC Magdeburg,SV Wehen Wiesbaden
SV Wehen Wiesbaden,VfB Stuttgart II
SV Wehen Wiesbaden,Rot-Weiß Erfurt
SV Wehen Wiesbaden,Hallescher FC
Werder Bremen II,SV Wehen Wiesbaden
Fortuna Köln,SV Wehen Wiesbaden
Stuttgarter Kickers,SV Wehen Wiesbaden
FC Hansa Rostock,SV Wehen Wiesbaden
SV Wehen Wiesbaden,Erzgebirge Aue
Dynamo Dresden,SV Wehen Wiesbaden
Preußen Münster,SV Wehen Wiesbaden
SV Wehen Wiesbaden,SG Sonnenhof Großaspach
FC Magdeburg,Rot-Weiß Erfurt
Dynamo Dresden,Rot-Weiß Erfurt
Rot-Weiß Erfurt,VfB Stuttgart II
Erzgebirge Aue,Rot-Weiß Erfurt
Rot-Weiß Erfurt,Mainz 05 II
Hallescher FC,Rot-Weiß Erfurt
Rot-Weiß Erfurt,Werder Bremen II
Fortuna Köln,Rot-Weiß Erfurt
VfL Osnabrück,Rot-Weiß Erfurt
Rot-Weiß Erfurt,Stuttgarter Kickers
Rot-Weiß Erfurt,FC Hansa Rostock
Holstein Kiel,Rot-Weiß Erfurt
Rot-Weiß Erfurt,Dynamo Dresden
Preußen Münster,Rot-Weiß Erfurt
SG Sonnenhof Großaspach,Rot-Weiß Erfurt
Rot-Weiß Erfurt,Würzburger Kickers
Mainz 05 II,Rot-Weiß Erfurt
Chemnitzer FC,Rot-Weiß Erfurt
Rot-Weiß Erfurt,Fortuna Köln
Rot-Weiß Erfurt,VfL Osnabrück
Rot-Weiß Erfurt,VfR Aalen
FC Hansa Rostock,Rot-Weiß Erfurt
Rot-Weiß Erfurt,Holstein Kiel
FC Heidenheim 1846,Wattenscheid 09
Würzburger Kickers,FC Heidenheim 1846
FC Heidenheim 1846,Würzburger Kickers
Dynamo Dresden,VfB Stuttgart II
Preußen Münster,VfB Stuttgart II
VfB Stuttgart II,SG Sonnenhof Großaspach
Erzgebirge Aue,VfB Stuttgart II
Würzburger Kickers,VfB Stuttgart II
Hallescher FC,VfB Stuttgart II
Chemnitzer FC,VfB Stuttgart II
VfB Stuttgart II,Fortuna Köln
VfB Stuttgart II,Stuttgarter Kickers
VfR Aalen,VfB Stuttgart II
VfB Stuttgart II,FC Hansa Rostock
Holstein Kiel,VfB Stuttgart II
VfB Stuttgart II,Preußen Münster
SG Sonnenhof Großaspach,VfB Stuttgart II
Mainz 05 II,VfB Stuttgart II
VfB Stuttgart II,Werder Bremen II
VfL Osnabrück,VfB Stuttgart II
Stuttgarter Kickers,VfB Stuttgart II
FC Hansa Rostock,VfB Stuttgart II
FC Magdeburg,VfB Stuttgart II
SV Sandhausen,Würzburger Kickers
VfR Aalen,VfL Osnabrück
Erzgebirge Aue,VfR Aalen
VfR Aalen,FC Magdeburg
Dynamo Dresden,VfR Aalen
SG Sonnenhof Großaspach,VfR Aalen
Mainz 05 II,VfR Aalen
Fortuna Köln,VfR Aalen
VfL Osnabrück,VfR Aalen
VfR Aalen,Stuttgarter Kickers
FC Hansa Rostock,VfR Aalen
Holstein Kiel,VfR Aalen
VfR Aalen,Preußen Münster
Würzburger Kickers,VfR Aalen
VfR Aalen,Mainz 05 II
Hallescher FC,VfR Aalen
Werder Bremen II,VfR Aalen
Mainz 05 II,Preußen Münster
Preußen Münster,Hallescher FC
Preußen Münster,Werder Bremen II
Preußen Münster,Chemnitzer FC
Preußen Münster,Fortuna Köln
Preußen Münster,Stuttgarter Kickers
Preußen Münster,Holstein Kiel
FC Magdeburg,Preußen Münster
Erzgebirge Aue,Preußen Münster
SG Sonnenhof Großaspach,Preußen Münster
Preußen Münster,Mainz 05 II
Hallescher FC,Preußen Münster
Würzburger Kickers,Preußen Münster
Fortuna Köln,Preußen Münster
Stuttgarter Kickers,Preußen Münster
Dynamo Dresden,Preußen Münster
FC Hansa Rostock,VfL Osnabrück
VfL Osnabrück,Holstein Kiel
FC Magdeburg,VfL Osnabrück
Dynamo Dresden,VfL Osnabrück
VfL Osnabrück,Würzburger Kickers
VfL Osnabrück,Hallescher FC
VfL Osnabrück,Werder Bremen II
VfL Osnabrück,Chemnitzer FC
Fortuna Köln,VfL Osnabrück
VfL Osnabrück,FC Magdeburg
Hallescher FC,VfL Osnabrück
Chemnitzer FC,VfL Osnabrück
Chemnitzer FC,Holstein Kiel
FC Magdeburg,Chemnitzer FC
Dynamo Dresden,Chemnitzer FC
SG Sonnenhof Großaspach,Chemnitzer FC
Chemnitzer FC,Hallescher FC
Werder Bremen II,Chemnitzer FC
Erzgebirge Aue,Chemnitzer FC
Chemnitzer FC,Fortuna Köln
Chemnitzer FC,Stuttgarter Kickers
FC Hansa Rostock,Chemnitzer FC
Holstein Kiel,Chemnitzer FC
Würzburger Kickers,Chemnitzer FC
Chemnitzer FC,Mainz 05 II
Chemnitzer FC,Werder Bremen II
SV Darmstadt 98,Bremer SV
FC Astoria Walldorf,SV Darmstadt 98
Red Bull Leipzig,SV Darmstadt 98
Werder Bremen II,FC Hansa Rostock
Holstein Kiel,Werder Bremen II
Dynamo Dresden,Werder Bremen II
SG Sonnenhof Großaspach,Werder Bremen II
Werder Bremen II,Mainz 05 II
Hallescher FC,Werder Bremen II
Werder Bremen II,Erzgebirge Aue
Fortuna Köln,Werder Bremen II
Werder Bremen II,Stuttgarter Kickers
Werder Bremen II,Holstein Kiel
Werder Bremen II,SG Sonnenhof Großaspach
Werder Bremen II,Hallescher FC
Erzgebirge Aue,Werder Bremen II
Liverpool FC,Arsenal FC
Arsenal FC,Watford FC
Arsenal FC,Southampton FC
Arsenal FC,Hull City FC
Arsenal FC,Chelsea FC
Arsenal FC,FC Basel
Arsenal FC,Burnley FC
Arsenal FC,Swansea City FC
Arsenal FC,Ludogorez Rasgrad
Arsenal FC,Sunderland AFC
Arsenal FC,AFC Bournemouth
Arsenal FC,West Ham United FC
Arsenal FC,Stoke City FC
Everton FC,Arsenal FC
Manchester City FC,Arsenal FC
Arsenal FC,West Bromwich Albion FC
Arsenal FC,Crystal Palace FC
Arsenal FC,Preston North End
Watford FC,Arsenal FC
Chelsea FC,Arsenal FC
Arsenal FC,Sutton United
Arsenal FC,Lincoln City
West Bromwich Albion FC,Arsenal FC
Crystal Palace FC,Arsenal FC
Arsenal FC,Middlesbrough FC
Arsenal FC,Leicester City FC
Tottenham Hotspur FC,Arsenal FC
Arsenal FC,Manchester United FC
Sheffield Wednesday,Aston Villa FC
Aston Villa FC,Rotherham United
Bristol City,Aston Villa FC
Preston North End,Aston Villa FC
Aston Villa FC,Reading
Aston Villa FC,Fulham FC
Aston Villa FC,Blackburn Rovers FC
Aston Villa FC,Cardiff City FC
Leeds United,Aston Villa FC
Aston Villa FC,Wigan Athletic FC
Norwich City FC,Aston Villa FC
Aston Villa FC,Queens Park Rangers
Aston Villa FC,Burton Albion FC
Cardiff City FC,Aston Villa FC
Tottenham Hotspur FC,Aston Villa FC
Wolverhampton Wanderers FC,Aston Villa FC
Brentford FC,Aston Villa FC
Nottingham Forest,Aston Villa FC
Ipswich Town,Aston Villa FC
Barnsley FC,Aston Villa FC
Newcastle United FC,Aston Villa FC
Aston Villa FC,Derby County
Aston Villa FC,Bristol City
Huddersfield Town,Aston Villa FC
Aston Villa FC,Sheffield Wednesday
Aston Villa FC,Norwich City FC
Reading,Aston Villa FC
Fulham FC,Aston Villa FC
Aston Villa FC,Birmingham City
Blackburn Rovers FC,Aston Villa FC
Norwich City FC,Blackburn Rovers FC
Wigan Athletic FC,Blackburn Rovers FC
Cardiff City FC,Blackburn Rovers FC
Fulham FC,Blackburn Rovers FC
Leeds United,Blackburn Rovers FC
Blackburn Rovers FC,Rotherham United
Blackburn Rovers FC,Derby County
Sheffield Wednesday,Blackburn Rovers FC
Birmingham City,Blackburn Rovers FC
Blackburn Rovers FC,Nottingham Forest
Bristol City,Blackburn Rovers FC
Blackburn Rovers FC,Brentford FC
Blackburn Rovers FC,Newcastle United FC
Preston North End,Blackburn Rovers FC
Brighton & Hove Albion,Blackburn Rovers FC
Reading,Blackburn Rovers FC
Barnsley FC,Blackburn Rovers FC
Blackburn Rovers FC,Queens Park Rangers
Ipswich Town,Blackburn Rovers FC
Blackburn Rovers FC,Blackpool FC
Manchester United FC,Blackburn Rovers FC
Blackburn Rovers FC,Wigan Athletic FC
Bolton Wanderers FC,Sheffield United FC
Bolton Wanderers FC,AFC Wimbledon
Bolton Wanderers FC,Bristol Rovers
Bolton Wanderers FC,Fleetwood Town FC
Walsall FC,Bolton Wanderers FC
Rochdale AFC,Bolton Wanderers FC
Oxford United,Bolton Wanderers FC
Bolton Wanderers FC,Swindon Town FC
Bolton Wanderers FC,Oldham Athletic AFC
Bolton Wanderers FC,Millwall FC
Bolton Wanderers FC,Bury FC
Bolton Wanderers FC,Port Vale FC
Bolton Wanderers FC,Grimsby Town
Peterborough United FC,Bolton Wanderers FC
Bolton Wanderers FC,Coventry City FC
Bolton Wanderers FC,Northampton Town
Bolton Wanderers FC,Gillingham FC
Chesterfield FC,Bolton Wanderers FC
Bolton Wanderers FC,Shrewsbury Town FC
Bolton Wanderers FC,Scunthorpe United FC
Swindon Town FC,Bolton Wanderers FC
Crystal Palace FC,Bolton Wanderers FC
Charlton Athletic,Bolton Wanderers FC
Bolton Wanderers FC,Walsall FC
Bolton Wanderers FC,Rochdale AFC
Sheffield United FC,Bolton Wanderers FC
Bolton Wanderers FC,Oxford United
Bolton Wanderers FC,Southend United FC
Scunthorpe United FC,Bolton Wanderers FC
Oldham Athletic AFC,Bolton Wanderers FC
Bolton Wanderers FC,Peterborough United FC
Chelsea FC,West Ham United FC
Chelsea FC,Watford FC
Chelsea FC,Burnley FC
Liverpool FC,Chelsea FC
Chelsea FC,Hull City FC
Chelsea FC,Leicester City FC
Chelsea FC,Manchester United FC
Chelsea FC,Southampton FC
Chelsea FC,Everton FC
Chelsea FC,Middlesbrough FC
Chelsea FC,Tottenham Hotspur FC
Chelsea FC,Manchester City FC
Chelsea FC,West Bromwich Albion FC
Chelsea FC,Sunderland AFC
Chelsea FC,Crystal Palace FC
Chelsea FC,AFC Bournemouth
Chelsea FC,Stoke City FC
Tottenham Hotspur FC,Chelsea FC
Chelsea FC,Peterborough United FC
Chelsea FC,Brentford FC
Chelsea FC,Wolverhampton Wanderers FC
Chelsea FC,Swansea City FC
Crystal Palace FC,Chelsea FC
Manchester United FC,Chelsea FC
Everton FC,West Bromwich Albion FC
Everton FC,Stoke City FC
Everton FC,Sunderland AFC
Everton FC,Middlesbrough FC
AFC Bournemouth,Everton FC
Burnley FC,Everton FC
Everton FC,West Ham United FC
Southampton FC,Everton FC
Watford FC,Everton FC
Liverpool FC,Everton FC
Everton FC,Leicester City FC
Everton FC,Southampton FC
Leicester City FC,Everton FC
Everton FC,Manchester City FC
Everton FC,Crystal Palace FC
Everton FC,AFC Bournemouth
Tottenham Hotspur FC,Everton FC
Everton FC,Hull City FC
Everton FC,Burnley FC
Swansea City FC,Everton FC
Everton FC,Watford FC
Fulham FC,Newcastle United FC
Fulham FC,Preston North End
Birmingham City,Fulham FC
Bristol City,Fulham FC
Queens Park Rangers,Fulham FC
Fulham FC,Barnsley FC
Fulham FC,Huddersfield Town
Fulham FC,Brentford FC
Brighton & Hove Albion,Fulham FC
Fulham FC,Reading
Fulham FC,Rotherham United
Fulham FC,Ipswich Town
Fulham FC,Cardiff City FC
Reading,Fulham FC
Fulham FC,Hull City FC
Fulham FC,Burton Albion FC
Fulham FC,Wigan Athletic FC
Fulham FC,Nottingham Forest
Tottenham Hotspur FC,Fulham FC
Fulham FC,Bristol City
Wolverhampton Wanderers FC,Fulham FC
Derby County,Fulham FC
Fulham FC,Norwich City FC
Fulham FC,Sheffield Wednesday
Burnley FC,Liverpool FC
Liverpool FC,Leicester City FC
Liverpool FC,Hull City FC
Liverpool FC,Swansea City FC
Liverpool FC,West Bromwich Albion FC
Liverpool FC,Crystal Palace FC
Liverpool FC,Watford FC
Liverpool FC,Sunderland AFC
AFC Bournemouth,Liverpool FC
Liverpool FC,Middlesbrough FC
Liverpool FC,Stoke City FC
Liverpool FC,Manchester City FC
Liverpool FC,Plymouth Argyle
Swansea City FC,Liverpool FC
Wolverhampton Wanderers FC,Liverpool FC
Hull City FC,Liverpool FC
Liverpool FC,Tottenham Hotspur FC
Leicester City FC,Liverpool FC
Liverpool FC,Burnley FC
Crystal Palace FC,Liverpool FC
Liverpool FC,West Ham United FC
Manchester City FC,Sunderland AFC
Manchester City FC,Steaua Bucuresti
Manchester City FC,Stoke City FC
Manchester City FC,West Ham United FC
Manchester City FC,Manchester United FC
Manchester City FC,AFC Bournemouth
Manchester City FC,Swansea City FC
Tottenham Hotspur FC,Manchester City FC
FC Barcelona,Manchester City FC
Manchester City FC,West Bromwich Albion FC
Manchester City FC,FC Barcelona
Manchester City FC,Crystal Palace FC
Manchester City FC,Burnley FC
Leicester City FC,Manchester City FC
Manchester City FC,Watford FC
Manchester City FC,Hull City FC
Manchester City FC,AS Monaco FC
Manchester City FC,Huddersfield Town
Manchester City FC,Middlesbrough FC
AS Monaco FC,Manchester City FC
Manchester City FC,Southampton FC
Manchester City FC,Leicester City FC
Manchester United FC,AFC Bournemouth
Manchester United FC,Southampton FC
Manchester United FC,Hull City FC
Watford FC,Manchester United FC
Manchester United FC,Leicester City FC
Manchester United FC,Swansea City FC
Manchester United FC,Tottenham Hotspur FC
Manchester United FC,Crystal Palace FC
Manchester United FC,West Bromwich Albion FC
Manchester United FC,Sunderland AFC
Manchester United FC,Middlesbrough FC
Manchester United FC,West Ham United FC
Manchester United FC,Reading
Manchester United FC,Wigan Athletic FC
Manchester United FC,Watford FC
Manchester United FC,Burnley FC
Tottenham Hotspur FC,Manchester United FC
Huddersfield Town,Newcastle United FC
Newcastle United FC,Reading
Newcastle United FC,Bristol City
Newcastle United FC,Brighton & Hove Albion
Newcastle United FC,Derby County
Newcastle United FC,Queens Park Rangers
Wolverhampton Wanderers FC,Newcastle United FC
Newcastle United FC,Norwich City FC
Newcastle United FC,Rotherham United
Newcastle United FC,Brentford FC
Newcastle United FC,Barnsley FC
Newcastle United FC,Ipswich Town
Newcastle United FC,Preston North End
Newcastle United FC,Cardiff City FC
Newcastle United FC,Leeds United
Nottingham Forest,Newcastle United FC
Newcastle United FC,Birmingham City
Newcastle United FC,Wigan Athletic FC
Newcastle United FC,Burton Albion FC
Sheffield Wednesday,Newcastle United FC
Newcastle United FC,Nottingham Forest
Oxford United,Newcastle United FC
Newcastle United FC,Wolverhampton Wanderers FC
Newcastle United FC,Huddersfield Town
Ipswich Town,Newcastle United FC
Norwich City FC,Bristol City
Birmingham City,Norwich City FC
Norwich City FC,Cardiff City FC
Norwich City FC,Wigan Athletic FC
Norwich City FC,Nottingham Forest
Norwich City FC,Burton Albion FC
Norwich City FC,Wolverhampton Wanderers FC
Norwich City FC,Rotherham United
Preston North End,Norwich City FC
Brighton & Hove Albion,Norwich City FC
Leeds United,Norwich City FC
Queens Park Rangers,Norwich City FC
Derby County,Norwich City FC
Norwich City FC,Brentford FC
Barnsley FC,Norwich City FC
Huddersfield Town,Norwich City FC
Reading,Norwich City FC
Norwich City FC,Derby County
Rotherham United,Norwich City FC
Southampton FC,Norwich City FC
Norwich City FC,Birmingham City
Burton Albion FC,Norwich City FC
Sheffield Wednesday,Norwich City FC
Norwich City FC,Barnsley FC
Norwich City FC,Reading
Norwich City FC,Preston North End
Norwich City FC,Brighton & Hove Albion
Norwich City FC,Queens Park Rangers
Queens Park Rangers,Leeds United
Queens Park Rangers,Cardiff City FC
Barnsley FC,Queens Park Rangers
Preston North End,Queens Park Rangers
Queens Park Rangers,Wigan Athletic FC
Huddersfield Town,Queens Park Rangers
Queens Park Rangers,Bristol City
Sheffield Wednesday,Queens Park Rangers
Brentford FC,Queens Park Rangers
Ipswich Town,Queens Park Rangers
Wolverhampton Wanderers FC,Queens Park Rangers
Rotherham United,Queens Park Rangers
Derby County,Queens Park Rangers
Brighton & Hove Albion,Queens Park Rangers
Queens Park Rangers,Wolverhampton Wanderers FC
Queens Park Rangers,Ipswich Town
Queens Park Rangers,Reading
Burton Albion FC,Queens Park Rangers
Queens Park Rangers,Birmingham City
Queens Park Rangers,Barnsley FC
Queens Park Rangers,Rotherham United
Bristol City,Queens Park Rangers
Queens Park Rangers,Nottingham Forest
Tottenham Hotspur FC,Stoke City FC
Crystal Palace FC,Stoke City FC
Stoke City FC,Sunderland AFC
Stoke City FC,Hull City FC
Stoke City FC,Swansea City FC
AFC Bournemouth,Stoke City FC
Stoke City FC,Watford FC
Stoke City FC,Burnley FC
Wolverhampton Wanderers FC,Stoke City FC
West Bromwich Albion FC,Stoke City FC
Stoke City FC,Crystal Palace FC
Stoke City FC,Middlesbrough FC
Leicester City FC,Stoke City FC
Burnley FC,Stoke City FC
Swansea City FC,Stoke City FC
Middlesbrough FC,Sunderland AFC
Tottenham Hotspur FC,Sunderland AFC
Crystal Palace FC,Sunderland AFC
West Ham United FC,Sunderland AFC
Sunderland AFC,AFC Bournemouth
Sunderland AFC,Hull City FC
Sunderland AFC,Leicester City FC
Swansea City FC,Sunderland AFC
Sunderland AFC,Watford FC
Burnley FC,Sunderland AFC
West Bromwich Albion FC,Sunderland AFC
Sunderland AFC,Crystal Palace FC
Southampton FC,Sunderland AFC
Watford FC,Sunderland AFC
Leicester City FC,Sunderland AFC
AFC Bournemouth,Sunderland AFC
Swansea City FC,Burnley FC
Hull City FC,Swansea City FC
Leicester City FC,Swansea City FC
Southampton FC,Swansea City FC
Swansea City FC,Crystal Palace FC
Tottenham Hotspur FC,Swansea City FC
West Bromwich Albion FC,Swansea City FC
Middlesbrough FC,Swansea City FC
West Ham United FC,Swansea City FC
AFC Bournemouth,Swansea City FC
Swansea City FC,Southampton FC
Swansea City FC,Leicester City FC
Watford FC,Swansea City FC
Tottenham Hotspur FC,Crystal Palace FC
AS Monaco FC,Tottenham Hotspur FC
Tottenham Hotspur FC,Middlesbrough FC
Tottenham Hotspur FC,CSKA Moscow
Tottenham Hotspur FC,West Ham United FC
Tottenham Hotspur FC,Hull City FC
Tottenham Hotspur FC,Burnley FC
Tottenham Hotspur FC,Southampton FC
Tottenham Hotspur FC,Watford FC
Tottenham Hotspur FC,West Bromwich Albion FC
Tottenham Hotspur FC,Wycombe Wanderers
Tottenham Hotspur FC,Millwall FC
Tottenham Hotspur FC,AFC Bournemouth
West Ham United FC,Tottenham Hotspur FC
West Bromwich Albion FC,Crystal Palace FC
AFC Bournemouth,West Bromwich Albion FC
West Bromwich Albion FC,West Ham United FC
West Bromwich Albion FC,Leicester City FC
West Bromwich Albion FC,Burnley FC
West Bromwich Albion FC,Watford FC
West Bromwich Albion FC,Southampton FC
West Bromwich Albion FC,Hull City FC
Derby County,West Bromwich Albion FC
West Bromwich Albion FC,AFC Bournemouth
Crystal Palace FC,West Bromwich Albion FC
Watford FC,West Bromwich Albion FC
Southampton FC,West Bromwich Albion FC
Leicester City FC,West Bromwich Albion FC
Bristol City,Wigan Athletic FC
Nottingham Forest,Wigan Athletic FC
Sheffield Wednesday,Wigan Athletic FC
Preston North End,Wigan Athletic FC
Wigan Athletic FC,Wolverhampton Wanderers FC
Brighton & Hove Albion,Wigan Athletic FC
Wigan Athletic FC,Cardiff City FC
Reading,Wigan Athletic FC
Wigan Athletic FC,Huddersfield Town
Derby County,Wigan Athletic FC
Ipswich Town,Wigan Athletic FC
Rotherham United,Wigan Athletic FC
Huddersfield Town,Wigan Athletic FC
Wigan Athletic FC,Nottingham Forest
Wigan Athletic FC,Burton Albion FC
Wigan Athletic FC,Brentford FC
Wigan Athletic FC,Birmingham City
Wigan Athletic FC,Rotherham United
Wigan Athletic FC,Barnsley FC
Wolverhampton Wanderers FC,Reading
Wolverhampton Wanderers FC,Birmingham City
Huddersfield Town,Wolverhampton Wanderers FC
Barnsley FC,Wolverhampton Wanderers FC
Wolverhampton Wanderers FC,Brentford FC
Brighton & Hove Albion,Wolverhampton Wanderers FC
Leeds United,Wolverhampton Wanderers FC
Derby County,Wolverhampton Wanderers FC
Sheffield Wednesday,Wolverhampton Wanderers FC
Cardiff City FC,Wolverhampton Wanderers FC
Wolverhampton Wanderers FC,Nottingham Forest
Wolverhampton Wanderers FC,Bristol City
Wolverhampton Wanderers FC,Barnsley FC
Burton Albion FC,Wolverhampton Wanderers FC
Birmingham City,Wolverhampton Wanderers FC
Reading,Wolverhampton Wanderers FC
Wolverhampton Wanderers FC,Rotherham United
Wolverhampton Wanderers FC,Cardiff City FC
Bristol City,Wolverhampton Wanderers FC
Wolverhampton Wanderers FC,Leeds United
Wolverhampton Wanderers FC,Preston North End
Sporting Gijón,Athletic Club
FC Barcelona,Athletic Club
Athletic Club,RC Deportivo La Coruna
Athletic Club,Valencia CF
Athletic Club,Granada CF
Athletic Club,Sevilla FC
Málaga CF,Athletic Club
Athletic Club,Real Sociedad de Fútbol
Real Madrid CF,Athletic Club
Athletic Club,Villarreal CF
UD Las Palmas,Athletic Club
Athletic Club,SD Eibar
Real Betis,Athletic Club
Athletic Club,RC Celta de Vigo
Athletic Club,Sporting Gijón
Valencia CF,Athletic Club
Sevilla FC,Athletic Club
Athletic Club,Málaga CF
Athletic Club,CA Osasuna
Athletic Club,RCD Espanyol
Villarreal CF,Athletic Club
Athletic Club,UD Las Palmas
Athletic Club,Real Betis
Deportivo Alavés,Athletic Club
Club Atlético de Madrid,RC Celta de Vigo
Club Atlético de Madrid,PSV Eindhoven
Club Atlético de Madrid,Sporting Gijón
Club Atlético de Madrid,RC Deportivo La Coruna
Club Atlético de Madrid,Valencia CF
Club Atlético de Madrid,Granada CF
Club Atlético de Madrid,FC Rostov
Sevilla FC,Club Atlético de Madrid
Club Atlético de Madrid,Málaga CF
Real Sociedad de Fútbol,Club Atlético de Madrid
Real Madrid CF,Club Atlético de Madrid
Club Atlético de Madrid,CA Osasuna
Villarreal CF,Club Atlético de Madrid
Club Atlético de Madrid,UD Las Palmas
Club Atlético de Madrid,SD Eibar
Club Atlético de Madrid,Real Betis
Club Atlético de Madrid,CD Leganes
FC Barcelona,Club Atlético de Madrid
Club Atlético de Madrid,Sevilla FC
Club Atlético de Madrid,Real Sociedad de Fútbol
Club Atlético de Madrid,Leicester City FC
Club Atlético de Madrid,RCD Espanyol
Club Atlético de Madrid,Real Madrid CF
Real Sociedad de Fútbol,CA Osasuna
Real Madrid CF,CA Osasuna
RCD Espanyol,CA Osasuna
Villarreal CF,CA Osasuna
CA Osasuna,SD Eibar
Real Betis,CA Osasuna
Deportivo Alavés,CA Osasuna
CD Leganes,CA Osasuna
Sporting Gijón,CA Osasuna
FC Barcelona,CA Osasuna
RC Deportivo La Coruna,CA Osasuna
Sevilla FC,CA Osasuna
RC Celta de Vigo,CA Osasuna
UD Las Palmas,CA Osasuna
CA Osasuna,Deportivo Alavés
CA Osasuna,CD Leganes
Valencia CF,CA Osasuna
CA Osasuna,Granada CF
Sevilla FC,RCD Espanyol
Real Madrid CF,RCD Espanyol
RC Celta de Vigo,RCD Espanyol
RCD Espanyol,Real Betis
RCD Espanyol,Deportivo Alavés
RCD Espanyol,CD Leganes
RCD Espanyol,Sporting Gijón
FC Barcelona,RCD Espanyol
Valencia CF,RCD Espanyol
RCD Espanyol,Granada CF
RCD Espanyol,Sevilla FC
RCD Espanyol,Málaga CF
Real Sociedad de Fútbol,RCD Espanyol
Villarreal CF,RCD Espanyol
RCD Espanyol,UD Las Palmas
RCD Espanyol,RC Deportivo La Coruna
FC Barcelona,Real Betis
Deportivo Alavés,FC Barcelona
FC Barcelona,Celtic FC
FC Barcelona,CD Leganes
FC Barcelona,Sporting Gijón
RC Celta de Vigo,FC Barcelona
FC Barcelona,RC Deportivo La Coruna
FC Barcelona,Valencia CF
FC Barcelona,Granada CF
FC Barcelona,Sevilla FC
FC Barcelona,UD Las Palmas
FC Barcelona,SD Eibar
FC Barcelona,Deportivo Alavés
Paris Saint-Germain,FC Barcelona
FC Barcelona,RC Celta de Vigo
FC Barcelona,Paris Saint-Germain
RC Deportivo La Coruna,FC Barcelona
Málaga CF,FC Barcelona
Juventus Turin,FC Barcelona
FC Barcelona,Real Sociedad de Fútbol
FC Barcelona,Real Madrid CF
FC Barcelona,Villarreal CF
Cádiz CF,Getafe CF
Getafe CF,Real Oviedo
Rayo Vallecano de Madrid,Getafe CF
Girona FC,Getafe CF
Getafe CF,UCAM Murcia
Getafe CF,CD Lugo
Getafe CF,AD Alcorcón
Gimnàstic de Tarragona,Getafe CF
Getafe CF,Real Zaragoza
Getafe CF,Córdoba CF
Getafe CF,Sevilla II
Getafe CF,Real Valladolid
Getafe CF,UD Almeria
CD Numancia de Soria,Getafe CF
Getafe CF,Cádiz CF
Real Oviedo,Getafe CF
Getafe CF,Rayo Vallecano de Madrid
UCAM Murcia,Getafe CF
Getafe CF,Levante UD
Sevilla II,Getafe CF
UD Las Palmas,Granada CF
SD Eibar,Granada CF
Deportivo Alavés,Granada CF
CD Leganes,Granada CF
RC Celta de Vigo,Granada CF
Granada CF,Sevilla FC
Real Sociedad de Fútbol,Granada CF
Real Madrid CF,Granada CF
Villarreal CF,Granada CF
Granada CF,UD Las Palmas
Granada CF,Real Betis
Granada CF,Deportivo Alavés
Sporting Gijón,Granada CF
Valencia CF,Granada CF
Sevilla FC,Granada CF
Málaga CF,Granada CF
Villarreal CF,Málaga CF
UD Las Palmas,Málaga CF
Málaga CF,SD Eibar
Real Betis,Málaga CF
Málaga CF,CD Leganes
Málaga CF,Sporting Gijón
Málaga CF,RC Deportivo La Coruna
Sevilla FC,Málaga CF
RC Celta de Vigo,Málaga CF
Real Sociedad de Fútbol,Málaga CF
Real Madrid CF,Málaga CF
Málaga CF,UD Las Palmas
SD Eibar,Málaga CF
Deportivo Alavés,Málaga CF
RC Deportivo La Coruna,Málaga CF
Málaga CF,Valencia CF
Málaga CF,Sevilla FC
Málaga CF,RC Celta de Vigo
